{"cameraMode":{"drawMode":0,"name":"Shaded","section":"Shading Mode"},"sceneLighting":false,"audioPlay":false,"sceneViewState":{"showFog":true,"showMaterialUpdate":false,"showSkybox":true,"showFlares":true,"showImageEffects":true,"showParticleSystems":true},"in2DMode":false,"pivot":{"x":0.8899999856948853,"y":0.0006195753812789917,"z":-0.005091175436973572},"rotation":{"x":-0.048968229442834857,"y":0.9454603791236877,"z":-0.2742367386817932,"w":-0.16882255673408509},"size":0.9836155772209168,"orthographic":false}