{"cameraMode":{"drawMode":0,"name":"Shaded","section":"Shading Mode"},"sceneLighting":false,"audioPlay":false,"sceneViewState":{"showFog":true,"showMaterialUpdate":false,"showSkybox":true,"showFlares":true,"showImageEffects":true,"showParticleSystems":true},"in2DMode":false,"pivot":{"x":-0.2481369972229004,"y":0.0,"z":0.30636656284332278},"rotation":{"x":0.10448867827653885,"y":-0.8870700597763062,"z":0.37609419226646426,"w":0.24645911157131196},"size":3.3263092041015627,"orthographic":false}