{"cameraMode":{"drawMode":0,"name":"Shaded","section":"Shading Mode"},"sceneLighting":false,"audioPlay":false,"sceneViewState":{"showFog":true,"showMaterialUpdate":false,"showSkybox":true,"showFlares":true,"showImageEffects":true,"showParticleSystems":true},"in2DMode":false,"pivot":{"x":-4.809999942779541,"y":-2.634178638458252,"z":104.99834442138672},"rotation":{"x":-0.07161764800548554,"y":0.8763868808746338,"z":-0.13766567409038545,"w":-0.4559222459793091},"size":0.5715735554695129,"orthographic":false}