{"cameraMode":{"drawMode":0,"name":"Shaded","section":"Shading Mode"},"sceneLighting":true,"audioPlay":false,"sceneViewState":{"showFog":true,"showMaterialUpdate":true,"showSkybox":true,"showFlares":true,"showImageEffects":true,"showParticleSystems":true},"in2DMode":false,"pivot":{"x":-0.5297831892967224,"y":0.24395421147346497,"z":-2.5452687740325929},"rotation":{"x":0.12353622168302536,"y":0.6644304394721985,"z":-0.11268655210733414,"w":0.7284042239189148},"size":14.23177719116211,"orthographic":false}