{"cameraMode":{"drawMode":0,"name":"Shaded","section":"Shading Mode"},"sceneLighting":true,"audioPlay":false,"sceneViewState":{"showFog":true,"showMaterialUpdate":true,"showSkybox":true,"showFlares":true,"showImageEffects":true,"showParticleSystems":true},"in2DMode":false,"pivot":{"x":-3.7107486724853517,"y":0.7799999713897705,"z":2.118469715118408},"rotation":{"x":0.09027442336082459,"y":-0.4601711928844452,"z":0.04710102081298828,"w":0.8819720149040222},"size":2.8578836917877199,"orthographic":false}