{"cameraMode":{"drawMode":0,"name":"Shaded","section":"Shading Mode"},"sceneLighting":true,"audioPlay":false,"sceneViewState":{"showFog":true,"showMaterialUpdate":true,"showSkybox":true,"showFlares":true,"showImageEffects":true,"showParticleSystems":true},"in2DMode":false,"pivot":{"x":1.383866786956787,"y":-0.6438777446746826,"z":-0.8459386825561523},"rotation":{"x":0.06209198385477066,"y":-0.879668116569519,"z":0.11975730210542679,"w":0.456055611371994},"size":13.684088706970215,"orthographic":false}