{"cameraMode":{"drawMode":0,"name":"Shaded","section":"Shading Mode"},"sceneLighting":true,"audioPlay":false,"sceneViewState":{"showFog":true,"showMaterialUpdate":true,"showSkybox":true,"showFlares":true,"showImageEffects":true,"showParticleSystems":true},"in2DMode":false,"pivot":{"x":-0.8759996891021729,"y":0.1899999976158142,"z":-2.3540000915527345},"rotation":{"x":0.12353622168302536,"y":0.6644304394721985,"z":-0.11268655210733414,"w":0.7284042239189148},"size":14.757946968078614,"orthographic":false}