{"cameraMode":{"drawMode":0,"name":"Shaded","section":"Shading Mode"},"sceneLighting":true,"audioPlay":false,"sceneViewState":{"showFog":true,"showMaterialUpdate":true,"showSkybox":true,"showFlares":true,"showImageEffects":true,"showParticleSystems":true},"in2DMode":false,"pivot":{"x":1.383866786956787,"y":-0.6438777446746826,"z":-0.8459386825561523},"rotation":{"x":0.19881771504878999,"y":-0.1570250540971756,"z":0.03228593245148659,"w":0.9668362736701965},"size":13.684088706970215,"orthographic":false}